t-data,H2O2-data,HO2-data,OH-data,t-model,H2O2-model,HO2-model,OH-model
-20.0,6135.0,-3.15,-0.82,-20.0,6040.731958762886,0.0,0.0
-19.8,6162.0,-4.15,0.18,-19.8,6040.731958762886,0.0,0.0
-19.6,6025.0,-3.15,0.18,-19.6,6040.731958762887,0.0,0.0
-19.4,6005.0,-4.15,-0.82,-19.4,6040.731958762886,0.0,0.0
-19.2,6027.0,5.85,-0.82,-19.2,6040.731958762886,0.0,0.0
-19.0,6101.0,6.85,-0.82,-19.0,6040.731958762886,0.0,0.0
-18.8,6033.0,-1.15,1.18,-18.8,6040.731958762886,0.0,0.0
-18.6,6151.0,-1.15,-0.82,-18.6,6040.731958762886,0.0,0.0
-18.4,5979.0,-0.15,1.18,-18.4,6040.731958762887,0.0,0.0
-18.2,6031.0,0.85,-0.82,-18.2,6040.731958762886,0.0,0.0
-18.0,6165.0,0.85,1.18,-18.0,6040.731958762887,0.0,0.0
-17.8,6112.0,-7.15,0.18,-17.8,6040.731958762886,0.0,0.0
-17.6,6110.0,-9.15,-0.82,-17.6,6040.731958762886,0.0,0.0
-17.4,6088.0,2.85,1.18,-17.4,6040.731958762886,0.0,0.0
-17.2,6138.0,-3.15,0.18,-17.2,6040.731958762886,0.0,0.0
-17.0,6028.0,2.85,-0.82,-17.0,6040.7319587628845,0.0,0.0
-16.8,6025.0,8.85,1.18,-16.8,6040.7319587628845,0.0,0.0
-16.6,6075.0,4.85,-0.82,-16.599999999999998,6040.731958762886,0.0,0.0
-16.4,6126.0,2.85,-0.82,-16.4,6040.731958762887,0.0,0.0
-16.2,5912.0,-5.15,0.18,-16.2,6040.731958762887,0.0,0.0
-16.0,6076.0,-1.15,-0.82,-16.0,6040.731958762887,0.0,0.0
-15.8,5952.0,15.85,1.18,-15.799999999999999,6040.731958762887,0.0,0.0
-15.6,5995.0,2.85,2.18,-15.599999999999998,6040.731958762887,0.0,0.0
-15.399999999999999,5880.0,-1.15,-0.82,-15.399999999999999,6040.731958762886,0.0,0.0
-15.2,5934.0,-3.15,-0.82,-15.2,6040.731958762886,0.0,0.0
-15.0,6095.0,-6.15,0.18,-15.0,6040.731958762886,0.0,0.0
-14.8,5985.0,2.85,0.18,-14.799999999999999,6040.731958762886,0.0,0.0
-14.6,6102.0,7.85,1.18,-14.599999999999998,6040.731958762886,0.0,0.0
-14.399999999999999,6066.0,10.85,0.18,-14.399999999999999,6040.731958762886,0.0,0.0
-14.2,6056.0,12.85,1.18,-14.2,6040.731958762886,0.0,0.0
-14.0,6036.0,1.85,-0.82,-14.0,6040.7319587628845,0.0,0.0
-13.8,6021.0,0.85,0.18,-13.799999999999999,6040.731958762886,0.0,0.0
-13.6,5999.0,0.85,0.18,-13.599999999999998,6040.731958762886,0.0,0.0
-13.399999999999999,5989.0,-1.15,-0.82,-13.399999999999999,6040.7319587628845,0.0,0.0
-13.2,6157.0,-4.15,-0.82,-13.2,6040.7319587628845,0.0,0.0
-13.0,5939.0,-0.15,1.18,-12.999999999999998,6040.7319587628845,0.0,0.0
-12.8,6077.0,-5.15,1.18,-12.799999999999999,6040.731958762886,0.0,0.0
-12.6,6067.0,-0.15,1.18,-12.599999999999998,6040.731958762886,0.0,0.0
-12.399999999999999,6082.0,-8.15,0.18,-12.399999999999999,6040.731958762886,0.0,0.0
-12.2,6100.0,-4.15,-0.82,-12.2,6040.731958762887,0.0,0.0
-12.0,6023.0,-0.15,0.18,-11.999999999999998,6040.731958762887,0.0,0.0
-11.799999999999999,6093.0,0.85,-0.82,-11.799999999999999,6040.731958762887,0.0,0.0
-11.6,5983.0,-2.15,0.18,-11.599999999999998,6040.731958762887,0.0,0.0
-11.4,5992.0,1.85,0.18,-11.399999999999999,6040.731958762887,0.0,0.0
-11.2,6069.0,3.85,0.18,-11.199999999999998,6040.731958762887,0.0,0.0
-11.0,5940.0,-0.15,-0.82,-10.999999999999998,6040.731958762887,0.0,0.0
-10.799999999999999,6078.0,-10.15,-0.82,-10.799999999999999,6040.731958762887,0.0,0.0
-10.6,5968.0,-1.15,-0.82,-10.599999999999998,6040.731958762887,0.0,0.0
-10.399999999999999,6006.0,7.85,0.18,-10.399999999999999,6040.731958762887,0.0,0.0
-10.2,6132.0,-7.15,-0.82,-10.199999999999998,6040.731958762886,0.0,0.0
-10.0,6099.0,-3.15,2.18,-9.999999999999998,6040.731958762886,0.0,0.0
-9.799999999999999,6147.0,-2.15,0.18,-9.799999999999997,6040.731958762886,0.0,0.0
-9.6,6060.0,12.85,0.18,-9.599999999999998,6040.731958762887,0.0,0.0
-9.399999999999999,6025.0,4.85,0.18,-9.399999999999999,6040.731958762886,0.0,0.0
-9.2,6159.0,-1.15,-0.82,-9.199999999999998,6040.731958762886,0.0,0.0
-9.0,5955.0,-0.15,0.18,-8.999999999999998,6040.7319587628845,0.0,0.0
-8.799999999999999,6029.0,1.85,0.18,-8.799999999999997,6040.7319587628845,0.0,0.0
-8.6,5988.0,1.85,-0.82,-8.599999999999998,6040.731958762886,0.0,0.0
-8.399999999999999,6000.0,7.85,-0.82,-8.399999999999999,6040.731958762886,0.0,0.0
-8.2,5986.0,-3.15,-0.82,-8.199999999999998,6040.731958762886,0.0,0.0
-8.0,5994.0,3.85,0.18,-7.999999999999998,6040.731958762886,0.0,0.0
-7.799999999999999,6151.0,6.85,1.18,-7.799999999999997,6040.731958762886,0.0,0.0
-7.6,6115.0,-1.15,1.18,-7.599999999999998,6040.731958762886,0.0,0.0
-7.399999999999999,6028.0,-7.15,-0.82,-7.399999999999997,6040.7319587628845,0.0,0.0
-7.199999999999999,5922.0,-4.15,0.18,-7.1999999999999975,6040.731958762886,0.0,0.0
-7.0,6043.0,-11.15,-0.82,-6.999999999999998,6040.731958762886,0.0,0.0
-6.799999999999999,6098.0,-2.15,-0.82,-6.799999999999997,6040.731958762886,0.0,0.0
-6.6,6154.0,4.85,0.18,-6.599999999999998,6040.731958762886,0.0,0.0
-6.399999999999999,5936.0,-1.15,-0.82,-6.399999999999997,6040.7319587628845,0.0,0.0
-6.199999999999999,6122.0,3.85,-0.82,-6.1999999999999975,6040.731958762886,0.0,0.0
-6.0,6026.0,-2.15,-0.82,-5.9999999999999964,6040.7319587628845,0.0,0.0
-5.799999999999999,5930.0,-1.15,-0.82,-5.799999999999997,6040.7319587628845,0.0,0.0
-5.6,5997.0,-2.15,2.18,-5.599999999999998,6040.7319587628845,0.0,0.0
-5.399999999999999,6104.0,-7.15,0.18,-5.399999999999997,6040.7319587628845,0.0,0.0
-5.199999999999999,6071.0,3.85,-0.82,-5.1999999999999975,6040.731958762886,0.0,0.0
-5.0,5973.0,0.85,-0.82,-4.9999999999999964,6040.731958762886,0.0,0.0
-4.799999999999999,6013.0,-5.15,1.18,-4.799999999999997,6040.731958762886,0.0,0.0
-4.6,5961.0,4.85,0.18,-4.599999999999998,6040.731958762886,0.0,0.0
-4.399999999999999,6055.0,-1.15,0.18,-4.399999999999997,6040.731958762886,0.0,0.0
-4.199999999999999,5895.0,2.85,0.18,-4.1999999999999975,6040.731958762886,0.0,0.0
-4.0,5957.0,2.85,-0.82,-3.9999999999999964,6040.731958762887,0.0,0.0
-3.8000000000000007,6032.0,-9.15,2.18,-3.799999999999997,6040.731958762887,0.0,0.0
-3.599999999999998,5985.0,-12.15,1.18,-3.599999999999998,6040.731958762887,0.0,0.0
-3.3999999999999986,5948.0,3.85,1.18,-3.399999999999995,6040.731958762887,0.0,0.0
-3.1999999999999993,6008.0,-4.15,0.18,-3.1999999999999957,6040.731958762887,0.0,0.0
-3.0,5965.0,-0.15,-0.82,-2.9999999999999964,6040.731958762887,0.0,0.0
-2.8000000000000007,6108.0,-4.15,0.18,-2.799999999999997,6040.731958762887,0.0,0.0
-2.599999999999998,5956.0,-7.15,0.18,-2.599999999999998,6040.731958762888,0.0,0.0
-2.3999999999999986,5957.0,9.85,-0.82,-2.399999999999995,6040.731958762887,0.0,0.0
-2.1999999999999993,5969.0,-10.15,-0.82,-2.1999999999999957,6040.731958762888,0.0,0.0
-2.0,6116.0,-0.15,0.18,-1.9999999999999964,6040.731958762888,0.0,0.0
-1.8000000000000007,6074.0,-0.15,-0.82,-1.7999999999999972,6040.731958762887,0.0,0.0
-1.5999999999999979,6170.0,-0.15,-0.82,-1.5999999999999979,6040.731958762887,0.0,0.0
-1.3999999999999986,6235.0,1.85,-0.82,-1.399999999999995,6040.731958762887,0.0,0.0
-1.1999999999999993,6007.0,0.85,-0.82,-1.1999999999999957,6040.731958762887,0.0,0.0
-1.0,6115.0,1.85,0.18,-0.9999999999999964,6040.731958762887,0.0,0.0
-0.7999999999999972,5993.0,1.85,-0.82,-0.7999999999999972,6040.731958762887,0.0,0.0
-0.5999999999999979,5955.0,6.85,1.18,-0.5999999999999979,6040.731958762887,7.757817590465206e-85,7.027867616525249e-23
-0.3999999999999986,6245.0,-5.15,0.18,-0.399999999999995,6040.730960920025,0.0003265725430423448,0.38131341271689967
-0.1999999999999993,6031.0,6.85,1.18,-0.19999999999999574,6040.1116480900555,1.0605303502462569,12.851298358483415
0.0,6100.0,2.85,49.18,3.552713678800501e-15,6036.064004296431,16.502464017948377,31.82368101188588
0.20000000000000284,6057.0,62.85,84.18,0.20000000000000284,6030.018084220786,59.42299736440065,38.6368795766347
0.40000000000000213,6066.0,162.85,82.18,0.4000000000000057,6024.342244903853,119.42140954581542,37.717614754925826
0.6000000000000014,6003.0,235.85,79.18,0.600000000000005,6019.505598397507,183.0393201463957,33.79739578363005
0.8000000000000007,6031.0,366.85,84.18,0.8000000000000043,6015.450182473796,242.79963533544858,29.07878585009842
1.0,6060.0,377.85,70.18,1.0000000000000036,6012.041165196017,295.8596234079625,24.4655106170057
1.2000000000000028,6013.0,474.85,34.18,1.2000000000000028,6009.197414677091,341.26362470200417,20.285688347986955
1.4000000000000021,5959.0,493.85,41.18,1.4000000000000057,6006.851645257571,379.1610238421602,16.656486235783035
1.6000000000000014,6031.0,507.85,32.18,1.600000000000005,6004.926379671097,410.35380696535975,13.585096467561328
1.8000000000000007,6028.0,564.85,25.18,1.8000000000000043,6003.3439812632805,435.8748757548178,11.032016051983714
2.0,5927.0,604.85,27.18,2.0000000000000036,6002.017152285471,456.9202996877433,8.931694177127056
2.200000000000003,5978.0,645.85,7.18,2.200000000000003,6000.91960685624,474.0366910832515,7.210674329813025
2.400000000000002,6083.0,601.85,10.18,2.4000000000000057,6000.032589504298,487.6983993275626,5.808725335506883
2.6000000000000014,5984.0,670.85,16.18,2.600000000000005,5999.319315598429,498.52513631344004,4.672338992377475
2.8000000000000007,5921.0,649.85,7.18,2.8000000000000043,5998.738418818187,507.14604769974676,3.7555715720963727
3.0,5871.0,605.85,5.18,3.0000000000000036,5998.234759964124,514.2861537385564,3.0176839850702226
3.200000000000003,5970.0,674.85,1.18,3.200000000000003,5997.811966256689,520.0197521806808,2.4234287447475436
3.400000000000002,6002.0,674.85,2.18,3.4000000000000057,5997.477012352099,524.3963442068588,1.945621240250349
3.6000000000000014,5871.0,678.85,2.18,3.600000000000005,5997.214371870273,527.6703019769394,1.5620554148889927
3.8000000000000007,5847.0,666.85,1.18,3.8000000000000043,5997.000536312222,530.1592596878723,1.254692822762577
4.0,6099.0,656.85,1.18,4.0000000000000036,5996.795314750959,532.3240327427368,1.0084998337274391
4.200000000000003,5913.0,678.85,0.18,4.200000000000006,5996.615010425583,534.0257634258028,0.8110536644927328
4.400000000000002,5951.0,655.85,1.18,4.400000000000006,5996.477031455962,535.1393372002927,0.6527440849604892
4.600000000000001,5975.0,676.85,0.18,4.600000000000005,5996.374323443121,535.7738483862457,0.5258524194447233
4.800000000000001,6084.0,652.85,2.18,4.800000000000004,5996.290322258229,536.1266486505106,0.4241808247562583
5.0,5967.0,682.85,1.18,5.0000000000000036,5996.190560765916,536.5570523984059,0.3426825448425644
5.200000000000003,5965.0,647.85,0.18,5.200000000000006,5996.095934632475,536.8527284910762,0.27726825035582925
5.400000000000002,5882.0,707.85,0.18,5.400000000000006,5996.027566365573,536.8293734920337,0.2247358542830356
5.600000000000001,5905.0,686.85,1.18,5.600000000000005,5995.981446947518,536.544555671042,0.18252432143736014
5.800000000000001,5973.0,752.85,-0.82,5.800000000000004,5995.943508984498,536.1519991484421,0.14858113133754536
6.0,6017.0,712.85,1.18,6.0000000000000036,5995.8813705786915,535.9721118618897,0.12125618224853998
6.200000000000003,5973.0,688.85,0.18,6.200000000000006,5995.817478566651,535.770323957832,0.09922770649896907
6.400000000000002,5845.0,703.85,0.18,6.400000000000006,5995.774196149404,535.3446241510053,0.0814456951602387
6.600000000000001,5906.0,696.85,0.18,6.600000000000005,5995.748576793805,534.7345226559322,0.06707023453669274
6.800000000000001,5988.0,673.85,-0.82,6.800000000000004,5995.727444490788,534.0772141583209,0.0554270836445307
7.0,5942.0,679.85,0.18,7.0000000000000036,5995.679201652631,533.6761948822314,0.04597852928189656
7.200000000000003,5971.0,747.85,-0.82,7.200000000000006,5995.626783528704,533.2922338149771,0.03829701890436863
7.400000000000002,6000.0,664.85,0.18,7.400000000000006,5995.592935877727,532.7197758648999,0.032037760354018494
7.600000000000001,5921.0,682.85,-0.82,7.600000000000005,5995.57508515456,531.9917705750756,0.026924261034384615
7.800000000000001,6032.0,692.85,1.18,7.800000000000004,5995.5603897206565,531.238201023056,0.022733748042785936
8.0,5960.0,729.85,-0.82,8.000000000000007,5995.517584982763,530.7532529349772,0.01928935587017479
8.200000000000003,5991.0,655.85,0.18,8.200000000000006,5995.469731889743,530.2989362408086,0.016451001832014086
8.400000000000002,6072.0,663.85,0.18,8.400000000000006,5995.439666382123,529.6709052701495,0.014103986373646769
8.600000000000001,5991.0,700.85,0.18,8.600000000000005,5995.424951001171,528.8994742035125,0.012155904587565674
8.8,5996.0,694.85,1.18,8.800000000000004,5995.412886409835,528.1106252867859,0.010531884269242578
9.0,5938.0,644.85,0.18,9.000000000000007,5995.372384300621,527.5919026298853,0.009172520685105412
9.200000000000003,5922.0,705.85,1.18,9.200000000000006,5995.326507902793,527.1085082579436,0.00803075392400818
9.400000000000002,6023.0,656.85,-0.82,9.400000000000006,5995.298083781178,526.4588786681076,0.007067456449061997
9.600000000000001,5827.0,662.85,1.18,9.600000000000005,5995.284728520833,525.6720475013811,0.006250877533616019
9.8,5931.0,636.85,0.18,9.800000000000004,5995.273817889903,524.8711323462311,0.005555081744561417
10.0,6012.0,658.85,0.18,10.000000000000007,5995.234384035057,524.3380265019628,0.0049594032608933705
10.200000000000003,5868.0,667.85,-0.82,10.200000000000006,5995.189450282536,523.8417436894512,0.004447378941899815
10.400000000000002,5937.0,656.85,2.18,10.400000000000006,5995.16179976275,523.1840020621974,0.004005107647229651
10.600000000000001,5979.0,648.85,0.18,10.600000000000005,5995.149074006057,522.3930359870714,0.0036211887874528694
10.8,5914.0,629.85,1.18,10.800000000000004,5995.138699499949,521.5895276455234,0.0032862044453474716
11.0,5943.0,698.85,0.18,11.000000000000007,5995.09980769234,521.0501372707346,0.002992571114974892
11.200000000000003,5897.0,670.85,-0.82,11.200000000000006,5995.055367674037,520.5478560493838,0.002734172834365303
11.400000000000002,5889.0,651.85,-0.82,11.400000000000006,5995.028107613753,519.8878162567846,0.002505765117902575
11.600000000000001,5942.0,676.85,0.18,11.600000000000005,5995.015683226938,519.0976338166154,0.0023029838621887013
11.8,5927.0,694.85,4.18,11.800000000000008,5995.005562246486,518.2957399563786,0.002122170106247662
12.0,5928.0,678.85,2.18,12.000000000000007,5994.966966448632,517.7537784274931,0.001960326335116478
12.200000000000003,6066.0,607.85,0.18,12.200000000000003,5994.922806064246,517.2487284428742,0.0018149883796113335
12.399999999999999,5997.0,675.85,1.18,12.400000000000006,5994.895750667065,516.5891426911976,0.0016840112512170576
12.600000000000001,6017.0,687.85,-0.82,12.600000000000009,5994.8834659166,515.8020935540872,0.0015655775096419637
12.800000000000004,5754.0,682.85,0.18,12.800000000000004,5994.873456668914,515.0038582680511,0.001458136071109133
13.0,5962.0,705.85,1.18,13.000000000000007,5994.835030475382,514.4612074944972,0.0013603871715396514
13.200000000000003,5997.0,686.85,-0.82,13.20000000000001,5994.791037585329,513.9550644192944,0.0012712364184372866
13.399999999999999,5988.0,671.85,0.18,13.400000000000006,5994.764088214006,513.2973637358883,0.0011897178661970606
13.600000000000001,5872.0,632.85,0.18,13.600000000000009,5994.751856135132,512.5146704037314,0.001114996776859764
13.800000000000004,6061.0,646.85,-0.82,13.800000000000004,5994.741881206242,511.72117216054977,0.0010463472401706943
14.0,6029.0,615.85,0.18,14.000000000000007,5994.703553865824,511.1788825315734,0.0009831458712445218
14.200000000000003,5966.0,716.85,0.18,14.20000000000001,5994.659664598412,510.67260415002636,0.0009248546272866516
14.399999999999999,5908.0,677.85,-0.82,14.400000000000006,5994.6327646066375,510.0175983840241,0.0008709928407744438
14.600000000000001,6077.0,650.85,0.18,14.600000000000009,5994.620534888664,509.23994399236875,0.0008211372803137523
14.800000000000004,6034.0,633.85,0.18,14.800000000000004,5994.610548983331,508.4517904113935,0.0007749134303172846
15.0,5975.0,654.85,1.18,15.000000000000007,5994.572278042408,507.91049680672876,0.0007319923696250059
15.200000000000003,5899.0,617.85,0.18,15.20000000000001,5994.528453498482,507.4046750193264,0.0006920839550559145
15.399999999999999,5872.0,677.85,-0.82,15.400000000000006,5994.501568299461,506.75285296715197,0.0006549263669254678
15.600000000000001,6068.0,634.85,0.18,15.600000000000009,5994.489310172609,505.9806381387824,0.0006202854036085387
15.800000000000004,6027.0,711.85,-0.82,15.800000000000004,5994.479285365681,505.19818683843584,0.0005879508047309753
16.0,6029.0,655.85,0.18,16.000000000000007,5994.441043881287,504.6583006158743,0.0005577345399896716
16.200000000000003,5986.0,603.85,0.18,16.20000000000001,5994.3972590338935,504.1533278551595,0.0005294678940138032
16.4,6003.0,647.85,-0.82,16.400000000000006,5994.370366460547,503.5050008634276,0.0005029973686210828
16.6,5975.0,631.85,0.18,16.60000000000001,5994.3580603004275,502.73846795633904,0.0004781839593435082
16.800000000000004,6024.0,624.85,0.18,16.800000000000004,5994.347978699976,501.96193450088595,0.00045490146309709785
17.0,5908.0,629.85,0.18,17.000000000000007,5994.309748807402,501.42373761270846,0.0004330354896274168
17.200000000000003,5971.0,659.85,-0.82,17.20000000000001,5994.2659868448,500.91988922039945,0.00041248210418105564
17.4,5843.0,628.85,1.18,17.400000000000006,5994.239072159793,500.2752635559746,0.00039314610676908325
17.6,6018.0,626.85,0.18,17.60000000000001,5994.226705073439,499.51456044003805,0.00037494048195351793
17.800000000000004,5980.0,615.85,1.18,17.800000000000004,5994.216554911287,498.74407444911486,0.0003577855498146465
18.0,5871.0,606.85,-0.82,18.000000000000007,5994.178324374832,498.2077679785791,0.00034160837819243703
18.200000000000003,5944.0,680.85,1.18,18.20000000000001,5994.134573636478,497.7052449290884,0.0003263420948256901
18.400000000000006,5928.0,584.85,-0.82,18.400000000000006,5994.107626787342,497.06446017521347,0.00031192509937501327
18.6,5951.0,670.85,-0.82,18.60000000000001,5994.095190147932,496.30967483884154,0.0002983006867047173
18.800000000000004,5800.0,633.85,1.18,18.800000000000004,5994.084963556885,495.545311442135,0.0002854165874276047
19.0,5946.0,675.85,1.18,19.000000000000007,5994.046723738604,495.01104525675834,0.0002732246111086533
19.200000000000003,5962.0,639.85,-0.82,19.20000000000001,5994.002975872632,494.51000130153693,0.0002616802704724324
19.400000000000006,5886.0,635.85,2.18,19.400000000000006,5993.9759898369675,493.8731544316119,0.00025074238536166985
19.6,5981.0,611.85,-0.82,19.60000000000001,5993.963477796078,493.12433634320183,0.00024037283526586275
19.800000000000004,5838.0,642.85,-0.82,19.800000000000004,5993.9531694670695,492.3661353011742,0.00023053629494500003
20.0,5933.0,649.85,-0.82,20.000000000000007,5993.91491410812,491.83402539342467,0.00022120001368107435
20.200000000000003,6004.0,618.85,-0.82,20.20000000000001,5993.871162964753,491.3345827621848,0.0002123335970321192
20.400000000000006,6059.0,682.85,2.18,20.400000000000006,5993.844132745657,490.7017423078054,0.00020390878988881924
20.6,6041.0,671.85,0.18,20.60000000000001,5993.831541319815,489.9589152301402,0.00019589931592197887
20.800000000000004,5925.0,619.85,1.18,20.80000000000001,5993.821147676531,489.2068922476875,0.00018828071801072497
21.0,5926.0,631.85,1.18,21.000000000000007,5993.782872177616,488.67702957609197,0.00018103021904065938
21.200000000000003,5975.0,599.85,0.18,21.20000000000001,5993.739113163513,488.17928658832,0.000174126588988754
21.400000000000006,5945.0,570.85,0.18,21.400000000000006,5993.7120351880385,487.5505000620519,0.0001675500174175737
21.6,5960.0,585.85,0.18,21.60000000000001,5993.69936169713,486.8136692763142,0.0001612820090745496
21.800000000000004,5900.0,606.85,0.18,21.80000000000001,5993.688880368769,486.067823144599,0.00015530528394325682
22.0,5983.0,641.85,-0.82,22.000000000000007,5993.650581274848,485.54028153078053,0.00014960368775951766
22.200000000000003,5886.0,627.85,1.18,22.20000000000001,5993.606810867541,485.0443202969224,0.00014416210804386124
22.400000000000006,5966.0,581.85,-0.82,22.400000000000006,5993.579682547267,484.4196209281864,0.0001389663950660408
22.6,6100.0,591.85,0.18,22.60000000000001,5993.566925217369,483.68877910377154,0.00013400329327517736
22.800000000000004,6087.0,612.85,-0.82,22.80000000000001,5993.556354674897,482.94909701363434,0.00012926037682962723
23.0,6014.0,584.85,0.18,23.000000000000007,5993.518029330848,482.42393841906284,0.0001247259909730782
23.200000000000003,6049.0,609.85,0.18,23.20000000000001,5993.474244758283,481.92982979190987,0.00012038919743633252
23.400000000000006,5951.0,652.85,0.18,23.400000000000006,5993.44706419765,481.3092408969526,0.00011623972348950528
23.6,6043.0,598.85,-0.82,23.60000000000001,5993.434221895254,480.5843719576942,0.0001122679162851554
23.800000000000004,5985.0,591.85,1.18,23.80000000000001,5993.4235612127695,479.8508327435582,0.00010846470025793857
24.0,6137.0,612.85,0.18,24.000000000000007,5993.385207568301,479.3281091639465,0.00010482153801157587
24.200000000000003,6017.0,582.85,0.18,24.20000000000001,5993.341406637187,478.8359141515403,0.00010133039397209683
24.400000000000006,6013.0,549.85,-0.82,24.400000000000006,5993.314172466474,478.2194507836015,9.798370056884754e-05
24.6,5978.0,632.85,-0.82,24.60000000000001,5993.301244535797,477.5005317530777,9.477432737196058e-05
24.800000000000004,5889.0,568.85,0.18,24.80000000000001,5993.290493233975,476.7731078322428,9.169555236062274e-05
25.0,6046.0,573.85,0.18,25.000000000000007,5993.252109692051,476.2528633653216,8.87410353737202e-05
25.200000000000003,6033.0,548.85,-0.82,25.20000000000001,5993.208290644095,475.7626351625397,8.590479342700645e-05
25.400000000000006,5885.0,556.85,1.18,25.400000000000006,5993.181001885678,475.1503059862534,8.318117774479515e-05
25.6,6022.0,589.85,-0.82,25.60000000000001,5993.167988024475,474.43730870854836,8.056485257741838e-05
25.800000000000004,5879.0,588.85,-0.82,25.80000000000001,5993.157145950763,473.71596786508053,7.805077547331966e-05
26.0,6001.0,612.85,0.18,26.000000000000007,5993.118731234893,473.1982412634435,7.563417896514514e-05
26.200000000000003,5924.0,598.85,0.18,26.20000000000001,5993.074892615896,472.7100278867007,7.3310553514567e-05
26.400000000000006,5885.0,561.85,1.18,26.400000000000006,5993.04754856918,472.10183731951975,7.107563161805809e-05
26.6,5874.0,558.85,0.18,26.60000000000001,5993.034448728042,471.39473017415276,6.892537305220193e-05
26.800000000000004,5954.0,579.85,-0.82,26.80000000000001,5993.0235159700305,470.67943683995367,6.685595111010143e-05
27.0,5950.0,603.85,-0.82,27.000000000000007,5992.985069062068,470.1642619282906,6.486373977799494e-05
27.200000000000003,5985.0,576.85,0.18,27.20000000000001,5992.941209670564,469.67810635600955,6.294530176701382e-05
27.400000000000006,5933.0,568.85,0.18,27.400000000000006,5992.9138098590165,469.0740549094162,6.109737733637772e-05
27.6,5973.0,594.85,-0.82,27.60000000000001,5992.9006241868265,468.3728033287964,5.9316873871567684e-05
27.800000000000004,5944.0,569.85,0.18,27.80000000000001,5992.889601017174,467.66351923152246,5.760085614214856e-05
28.0,5846.0,566.85,0.18,28.000000000000007,5992.851121099417,467.1509257779362,5.594653719761499e-05
28.200000000000003,6082.0,581.85,1.18,28.20000000000001,5992.807239929825,466.66686686172056,5.4351269850498055e-05
28.400000000000006,5953.0,618.85,0.18,28.400000000000013,5992.779784048571,466.06695194899834,5.281253870464857e-05
28.6,5913.0,554.85,1.18,28.60000000000001,5992.766512844404,465.3715191281306,5.1327952697046854e-05
28.800000000000004,5910.0,545.85,0.18,28.80000000000001,5992.755399676199,464.6682039354269,4.989523811040291e-05
29.0,5929.0,541.85,0.18,29.000000000000007,5992.716886089325,464.1582182721812,4.8512232026081486e-05
29.200000000000003,5994.0,548.85,0.18,29.20000000000001,5992.672982292449,463.6762913204149,4.71768761851919e-05
29.400000000000006,5903.0,549.85,2.18,29.400000000000013,5992.64547017136,463.08050778947575,4.5887211229644523e-05
29.6,5984.0,547.85,0.18,29.60000000000001,5992.632113849915,462.39085517478355,4.464137129941389e-05
29.800000000000004,5949.0,560.85,0.18,29.80000000000001,5992.620911203438,461.6934669849334,4.3437578959647345e-05
30.0,5951.0,547.85,0.18,30.000000000000007,5992.582363411267,461.18611264042937,4.227414043612746e-05
30.200000000000003,6020.0,561.85,-0.82,30.20000000000001,5992.538436259812,460.70635005919394,4.1149441137883996e-05
30.400000000000006,6003.0,538.85,1.18,30.400000000000013,5992.510867832416,460.1146907314504,4.006194144780039e-05
30.6,5887.0,564.85,0.18,30.60000000000001,5992.497426896032,459.43077847127586,3.9010172764201986e-05
30.800000000000004,6015.0,534.85,-0.82,30.80000000000001,5992.486135373722,458.7392741800038,3.799273377623072e-05
31.0,5958.0,573.85,0.18,31.000000000000007,5992.447552942832,458.23457209845924,3.70082869579888e-05
31.200000000000003,5958.0,526.85,1.18,31.20000000000001,5992.403601813309,457.7570035582414,3.60555552670872e-05
31.400000000000006,5978.0,561.85,-0.82,31.400000000000013,5992.375977098862,457.1694594185656,3.513331903441432e-05
31.6,5988.0,556.85,0.18,31.60000000000001,5992.36245211973,456.49124657360295,3.42404130331115e-05
31.800000000000004,6012.0,546.85,0.18,31.80000000000001,5992.351072388442,455.8055821116709,3.337572371512705e-05
32.0,5900.0,570.85,1.18,32.00000000000001,5992.312454969087,455.3035509793983,3.253818660483441e-05
32.2,6031.0,577.85,0.18,32.20000000000001,5992.268479322962,454.82820375441855,3.172678383979266e-05
32.400000000000006,6034.0,558.85,0.18,32.40000000000001,5992.240798409218,454.2447642419765,3.09405418494609e-05
32.6,6011.0,546.85,0.18,32.60000000000001,5992.2271900136675,453.5722090326269,3.0178529163383923e-05
32.800000000000004,6057.0,551.85,1.18,32.80000000000001,5992.215722792163,452.89233949808755,2.9439854340795314e-05
33.0,5989.0,548.85,2.18,33.00000000000001,5992.177070116529,452.3929954685486,2.8723664014225748e-05
33.2,5838.0,516.85,-0.82,33.20000000000001,5992.133069501833,451.91989406577875,2.8029141040157667e-05
33.400000000000006,5938.0,570.85,1.18,33.40000000000001,5992.105332543029,451.340546865955,2.7355502750247884e-05
33.6,6037.0,550.85,-0.82,33.60000000000001,5992.091641406276,450.6736066039343,2.67019992970946e-05
33.800000000000004,5903.0,510.85,0.18,33.80000000000001,5992.0800874513825,449.9994865738029,2.6067912088873242e-05
34.0,5868.0,552.85,0.18,34.00000000000001,5992.041399285828,449.5028449755209,2.5452552307569948e-05
34.2,6065.0,543.85,-0.82,34.20000000000001,5991.997373280496,449.0320131468754,2.485525950586934e-05
34.400000000000006,6037.0,527.85,0.18,34.40000000000001,5991.969580455385,448.4567456010135,2.4275400278079034e-05
34.6,5957.0,525.85,0.18,34.60000000000001,5991.955807272849,447.7953775799637,2.3712367000777708e-05
34.800000000000004,6158.0,476.85,0.18,34.80000000000001,5991.944167368402,447.1269612814286,2.3165576639134153e-05
35.0,6002.0,564.85,-0.82,35.000000000000014,5991.905443552576,446.633034780567,2.2634469615112396e-05
35.2,5952.0,518.85,0.18,35.20000000000001,5991.861391818419,446.1644931961468,2.2118508734012298e-05
35.400000000000006,5947.0,473.85,0.18,35.40000000000001,5991.833543366149,445.59329073495775,2.1617178166020006e-05
35.6,5930.0,516.85,0.18,35.60000000000001,5991.819688872776,444.9374513266135,2.1129982479652586e-05
35.800000000000004,5907.0,535.85,0.18,35.80000000000001,5991.807963831937,444.2746924357677,2.0656445724169833e-05
36.0,5849.0,519.85,0.18,36.000000000000014,5991.769204241825,443.78349243324277,2.0196110558210083e-05
36.2,5927.0,521.85,-0.82,36.20000000000001,5991.7251264756005,443.31726049412185,1.9748537422073777e-05
36.400000000000006,5992.0,564.85,-0.82,36.40000000000001,5991.697222659879,442.7501079048058,1.9313303751236298e-05
36.6,6007.0,526.85,-0.82,36.60000000000001,5991.683287606547,442.09975334175584,1.8890003228819183e-05
36.800000000000004,5888.0,546.85,-0.82,36.80000000000001,5991.671478256022,441.4426054647488,1.8478245074884264e-05
37.0,5977.0,569.85,0.18,37.000000000000014,5991.632682793401,440.9541423772148,1.8077653370544598e-05
37.2,5942.0,511.85,-0.82,37.20000000000001,5991.588578719145,440.4902383922517,1.7687866415005044e-05
37.400000000000006,5990.0,543.85,1.18,37.40000000000001,5991.560619821853,439.92711995243616,1.7308536113757857e-05
37.6,6003.0,491.85,0.18,37.60000000000001,5991.546604969708,439.2822064416587,1.6939327396263442e-05
37.800000000000004,5988.0,493.85,0.18,37.80000000000001,5991.534712146867,438.630623118844,1.6579917661544055e-05
38.0,6053.0,475.85,-0.82,38.000000000000014,5991.495880747942,438.14490593702556,1.622999625021038e-05
38.2,5940.0,532.85,0.18,38.20000000000001,5991.451750128916,437.68334657799255,1.5889263941526733e-05
38.400000000000006,5967.0,554.85,1.18,38.40000000000001,5991.423736457556,437.12424569358757,1.555743247420115e-05
38.6,6081.0,493.85,1.18,38.60000000000001,5991.40964258168,436.4847291961017,1.5234224089662328e-05
38.800000000000004,5922.0,471.85,0.18,38.80000000000001,5991.397667141565,435.8386635340175,1.4919371096656002e-05
39.0,5979.0,538.85,-0.82,39.000000000000014,5991.358799810044,435.3556984494197,1.461261545605965e-05
39.2,5895.0,525.85,1.18,39.20000000000001,5991.314642488091,434.8964971924392,1.4313708384876872e-05
39.400000000000006,6066.0,532.85,-0.82,39.40000000000001,5991.286574402575,434.3413953375465,1.4022409978431172e-05
39.6,5962.0,489.85,-0.82,39.60000000000001,5991.27240230723,433.70723095449017,1.3738488849833739e-05
39.800000000000004,5966.0,503.85,0.18,39.80000000000001,5991.260345113306,433.0666360155082,1.3461721785851403e-05
40.0,5920.0,509.85,-0.82,40.000000000000014,5991.221441822533,432.58643027877207,1.319189341834929e-05
40.2,5961.0,494.85,1.18,40.20000000000001,5991.1772575959485,432.1296020385486,1.2928795910528379e-05
40.400000000000006,6109.0,521.85,0.18,40.40000000000001,5991.1491354224445,431.57848194669606,1.2672228657220628e-05
40.6,6071.0,522.85,-0.82,40.60000000000001,5991.134885887794,430.9496258497882,1.2421997998545003e-05
40.800000000000004,5879.0,467.85,-0.82,40.80000000000001,5991.122747796875,430.3144550684642,1.2177916946265184e-05
41.0,5934.0,540.85,-0.82,41.000000000000014,5991.083808572968,429.8370136030761,1.1939804922225629e-05
41.2,5901.0,492.85,-0.82,41.20000000000001,5991.039597309049,429.38257039033834,1.1707487508275981e-05
41.400000000000006,5990.0,474.85,-0.82,41.40000000000001,5991.011421418506,428.835413078431,1.148079620712553e-05
41.6,6010.0,506.85,2.18,41.60000000000001,5990.99709524766,428.2118207321168,1.1259568213599104e-05
41.800000000000004,5808.0,477.85,-0.82,41.80000000000001,5990.984877130752,427.582027152806,1.1043646195793756e-05
42.0,5869.0,524.85,1.18,42.000000000000014,5990.945902030017,427.10735347722795,1.0832878085662057e-05
42.2,5990.0,528.85,-0.82,42.20000000000001,5990.901663627646,426.655305823429,1.0627116878572626e-05
42.400000000000006,5906.0,467.85,-0.82,42.40000000000001,5990.87343440894,426.1120915782986,1.042622044142208e-05
42.6,5978.0,486.85,1.18,42.600000000000016,5990.85903241128,425.4937183372459,1.0230051328894608e-05
42.800000000000004,5948.0,503.85,1.18,42.80000000000001,5990.846735138316,424.86925517911516,1.003847660748642e-05
43.0,5894.0,480.85,-0.82,43.000000000000014,5990.807724211255,424.39735278656025,9.851367686931814e-06
43.2,5874.0,538.85,-0.82,43.20000000000001,5990.7634585606065,423.9477112469263,9.668600158686424e-06
43.400000000000006,5832.0,484.85,1.18,43.40000000000001,5990.735176392217,423.40842065652447,9.490053641140645e-06
43.6,6007.0,496.85,-0.82,43.600000000000016,5990.720699365818,422.7952223840418,9.315611631252874e-06
43.800000000000004,5888.0,514.85,-0.82,43.80000000000001,5990.708323802845,422.1760430783088,9.14516136230792e-06
44.0,5877.0,484.85,0.18,44.000000000000014,5990.66927713583,421.70691377413084,8.97859366752068e-06
44.2,5881.0,481.85,0.18,44.20000000000002,5990.62498417294,421.25968685691413,8.815802849219254e-06
44.400000000000006,5952.0,456.85,0.18,44.400000000000006,5990.596649460974,420.7242993905367,8.656686553354908e-06
44.60000000000001,6038.0,531.85,0.18,44.60000000000001,5990.582098215667,420.1162315948204,8.501145649098793e-06
44.8,5932.0,447.85,0.18,44.80000000000001,5990.569645231898,419.50228951637365,8.349084113297249e-06
45.0,5914.0,460.85,1.18,45.000000000000014,5990.530562911084,419.03593476077384,8.200408919568614e-06
45.2,5923.0,456.85,1.18,45.20000000000002,5990.486242569325,418.5911306452344,8.055029931835293e-06
45.400000000000006,5932.0,462.85,0.18,45.400000000000006,5990.457855714802,418.05962574894716,7.912859802094632e-06
45.60000000000001,5943.0,483.85,0.18,45.60000000000001,5990.443231053116,417.45664418585733,7.773813872241897e-06
45.8,6031.0,479.85,-0.82,45.80000000000001,5990.430701516438,416.847892768144,7.637810079767548e-06
46.0,5928.0,445.85,0.18,46.000000000000014,5990.391583665358,416.3843123861635,7.504768867159548e-06
46.2,6014.0,463.85,0.18,46.20000000000002,5990.34723592355,415.9419373956137,7.374613094849656e-06
46.400000000000006,6022.0,492.85,0.18,46.40000000000002,5990.318797352276,415.41429365182813,7.247267957550166e-06
46.60000000000001,5904.0,481.85,-0.82,46.60000000000001,5990.3041000835,414.8163540360362,7.122660903834978e-06
46.8,5961.0,480.85,-0.82,46.80000000000001,5990.291494860568,414.2127468847023,7.000721558825731e-06
47.0,5996.0,484.85,-0.82,47.000000000000014,5990.25234161083,413.75193984599025,6.8813816498502895e-06
47.2,5941.0,521.85,-0.82,47.20000000000002,5990.2079664567555,413.31199930523076,6.764574934947063e-06
47.400000000000006,5991.0,468.85,1.18,47.40000000000002,5990.179476593985,412.7881950009487,6.650237134094566e-06
47.60000000000001,5937.0,489.85,0.18,47.60000000000001,5990.1647075179,412.19525338407993,6.538305863051262e-06
47.8,5925.0,436.85,0.18,47.80000000000001,5990.152027460017,411.59674482459263,6.428720569695973e-06
48.0,6020.0,474.85,0.18,48.000000000000014,5990.112838925759,411.13871090841565,6.321422472764296e-06
48.2,5842.0,435.85,1.18,48.20000000000002,5990.068436330455,410.7012109209375,6.216354502881116e-06
48.400000000000006,5998.0,470.85,1.18,48.40000000000002,5990.039895588736,410.1812249463958,6.113461245793897e-06
48.60000000000001,6027.0,417.85,-0.82,48.60000000000001,5990.025055498888,409.59323767195747,6.012688887716009e-06
48.8,5834.0,484.85,-0.82,48.80000000000001,5990.012301463573,408.9997816515343,5.913985162693116e-06
49.0,6017.0,494.85,1.18,49.000000000000014,5989.973077799104,408.54451843934044,5.817299301909755e-06
49.2,5978.0,460.85,-0.82,49.20000000000002,5989.928647778924,408.10946273332485,5.722581984856943e-06
49.400000000000006,6098.0,489.85,2.18,49.40000000000002,5989.9000565953165,407.593272749269,5.6297852922851785e-06
49.60000000000001,5924.0,464.85,-0.82,49.60000000000001,5989.88514628896,407.0101960341491,5.53886266087052e-06
49.8,5929.0,455.85,-0.82,49.80000000000001,5989.872319128565,406.42174678591545,5.449768839524668e-06
50.0,6068.0,475.85,1.18,50.000000000000014,5989.833060504105,405.9692509159736,5.3624598472833194e-06
50.2,5985.0,478.85,0.18,50.20000000000002,5989.788603097839,405.53664197501627,5.27689293270932e-06
50.400000000000006,5947.0,483.85,1.18,50.40000000000002,5989.759961920884,405.0242250290092,5.193026534750122e-06
50.60000000000001,5989.0,413.85,-0.82,50.60000000000001,5989.744982198157,404.44601494986495,5.11082024499253e-06
50.8,5877.0,420.85,0.18,50.80000000000001,5989.732082759689,403.86252695061114,5.0302347712590665e-06
51.0,5995.0,441.85,0.18,51.000000000000014,5989.692789319202,403.41279608417693,4.951231902492993e-06
51.2,5939.0,466.85,0.18,51.20000000000002,5989.648304530622,402.98263776141033,4.873774474881895e-06
51.400000000000006,6019.0,459.85,1.18,51.40000000000002,5989.619613778577,402.47397215625097,4.797826339171458e-06
51.60000000000001,5910.0,471.85,1.18,51.60000000000001,5989.6045654143245,401.9005859150974,4.723352329122616e-06
51.8,6048.0,454.85,-0.82,51.80000000000001,5989.591594534463,401.3220140436604,4.650318231068232e-06
52.0,6031.0,441.85,0.18,52.000000000000014,5989.552266472219,400.8750432326366,4.578690754526772e-06
52.2,6032.0,422.85,0.18,52.20000000000002,5989.507754372571,400.44733608225465,4.508437503832315e-06
52.400000000000006,5917.0,435.85,-0.82,52.40000000000002,5989.479014505992,399.9423981331133,4.439526950742006e-06
52.60000000000001,5954.0,439.85,0.18,52.60000000000001,5989.463898294251,399.3737920875466,4.371928407983617e-06
52.8,5985.0,479.85,0.18,52.80000000000001,5989.450856815667,398.80009098338127,4.305612003707527e-06
53.0,5917.0,457.85,1.18,53.000000000000014,5989.411494328209,398.3558750704045,4.240548656808857e-06
53.2,5877.0,443.85,-0.82,53.20000000000002,5989.366954987024,397.930619609754,4.1767100530869514e-06
53.400000000000006,5987.0,456.85,-0.82,53.40000000000002,5989.338166459772,397.42938590225543,4.114068622210753e-06
53.60000000000001,5929.0,437.85,0.18,53.60000000000001,5989.322983184448,396.865516898024,4.052597515459867e-06
53.8,5995.0,444.85,-0.82,53.80000000000001,5989.309871937408,396.29664175113953,3.992270584212436e-06
54.0,6040.0,429.85,0.18,54.000000000000014,5989.270475207897,395.8551758340788,3.93306235915207e-06
54.2,6133.0,464.85,0.18,54.20000000000002,5989.225908680748,395.43237279625873,3.874948030167198e-06
54.400000000000006,6000.0,405.85,1.18,54.40000000000002,5989.197071932007,394.93482033341616,3.817903426917238e-06
54.60000000000001,5879.0,433.85,0.18,54.60000000000001,5989.181822361697,394.3756458059411,3.7619050000412487e-06
54.8,5952.0,455.85,-0.82,54.80000000000001,5989.1686421652885,393.81155225628294,3.7069298029854287e-06
55.0,5871.0,483.85,1.18,55.000000000000014,5989.129211386742,393.3728308772727,3.6529554744269106e-06
55.2,5965.0,402.85,0.18,55.20000000000002,5989.084617743931,392.9524802815509,3.5999602212721803e-06
55.400000000000006,5882.0,425.85,-0.82,55.40000000000002,5989.055733217556,392.45858588460413,3.547922802209344e-06
55.60000000000001,5926.0,422.85,-0.82,55.60000000000001,5989.040418117033,391.9040635114771,3.496822511794216e-06
55.8,5949.0,442.85,0.18,55.80000000000001,5989.027169782293,391.3447076092142,3.4466391650510755e-06
56.0,5928.0,449.85,0.18,56.000000000000014,5988.987705141088,390.9087254925082,3.3973530825696416e-06
56.2,5999.0,419.85,-0.82,56.20000000000002,5988.943084443729,390.490827654942,3.348945076080567e-06
56.400000000000006,6032.0,417.85,-0.82,56.40000000000002,5988.9141525693985,390.0005687690737,3.3013964344924296e-06
56.60000000000001,6017.0,401.85,0.18,56.60000000000001,5988.898772686426,389.45065704649744,3.254688910373865e-06
56.80000000000001,5960.0,431.85,1.18,56.80000000000001,5988.8854570270205,388.8959945647105,3.208804706865124e-06
57.0,6004.0,423.85,-0.82,57.000000000000014,5988.845958813013,388.4627408186215,3.163726465003955e-06
57.2,5957.0,411.85,0.18,57.20000000000002,5988.801311259324,388.0472889161143,3.119437251451276e-06
57.400000000000006,6102.0,445.85,-0.82,57.40000000000002,5988.77233256696,387.5606378505545,3.0759205466026583e-06
57.60000000000001,5935.0,458.85,1.18,57.60000000000001,5988.756888711545,387.0152921154788,3.0331602330722105e-06
57.80000000000001,5926.0,416.85,0.18,57.80000000000001,5988.743506549919,386.465278471767,2.9911405845359418e-06
58.0,5985.0,450.85,-0.82,58.000000000000014,5988.703974913896,386.03474923962403,2.9498462549221533e-06
58.2,5945.0,402.85,-0.82,58.20000000000002,5988.659300509926,385.621745858485,2.9092622679369254e-06
58.400000000000006,6004.0,431.85,1.18,58.40000000000002,5988.630275379325,385.1386822193205,2.869374006913183e-06
58.60000000000001,5952.0,427.85,0.18,58.60000000000001,5988.6147682559085,384.59786295185177,2.8301672049722723e-06
58.80000000000001,5928.0,424.85,1.18,58.80000000000001,5988.601320366091,384.05245580857326,2.7916279354873805e-06
59.0,5957.0,410.85,1.18,59.000000000000014,5988.561755558081,383.62464213120427,2.753742602838562e-06
59.2,5959.0,426.85,-0.82,59.20000000000002,5988.517054458135,383.21408263579144,2.7164979334494714e-06
59.400000000000006,5980.0,397.85,-0.82,59.40000000000002,5988.48798337216,382.73458112474816,2.6798809670963115e-06
59.60000000000001,5951.0,424.85,-0.82,59.60000000000001,5988.472413744373,382.19824603572584,2.6438790484798256e-06
59.80000000000001,5764.0,398.85,2.18,59.80000000000001,5988.458900927628,381.65740178389797,2.608479819051546e-06
